code,system
E1z..00,readv2
E03y200,readv2
E0z..00,readv2
E03..00,readv2
Eu05000,readv2
E031.11,readv2
E03y100,readv2
E03y.00,readv2
E030.11,readv2
E13..00,readv2
E04..00,readv2
Eu04.14,readv2
E03yz00,readv2
E03y000,readv2
E00y.00,readv2
E04z.00,readv2
E03z.00,readv2
Eu10511,readv2
E015.00,readv2
E01yz00,readv2
E01z.00,readv2
Eu10513,readv2
Eu04.12,readv2
E011000,readv2
Eu10514,readv2
Eu10512,readv2
E107200,readv2
Eu20000,readv2
Eu20011,readv2
E101400,readv2
E100500,readv2
Eu20z00,readv2
E100000,readv2
E101z00,readv2
E100200,readv2
E107300,readv2
E106.00,readv2
E105z00,readv2
E102100,readv2
E103500,readv2
E105200,readv2
E107.00,readv2
E100300,readv2
Eu20111,readv2
Eu20y13,readv2
Eu20y00,readv2
E107100,readv2
Eu20213,readv2
E100z00,readv2
E101500,readv2
E14z.11,readv2
Eu23000,readv2
Eu20600,readv2
E102z00,readv2
E10yz00,readv2
Eu20100,readv2
E107400,readv2
E10y.11,readv2
E103400,readv2
E105.00,readv2
E100400,readv2
E101.00,readv2
E100.00,readv2
E103000,readv2
E107500,readv2
Eu20311,readv2
Eu23214,readv2
Eu20.00,readv2
E10y100,readv2
E107000,readv2
E101000,readv2
E103z00,readv2
E107.11,readv2
Eu23100,readv2
E10y.00,readv2
E105000,readv2
E102.00,readv2
E103.00,readv2
E102000,readv2
Eu23112,readv2
Eu20500,readv2
E10y000,readv2
Eu23212,readv2
Eu20511,readv2
Eu20300,readv2
Eu20214,readv2
E100100,readv2
Eu20212,readv2
E105500,readv2
E104.00,readv2
Eu23211,readv2
E103300,readv2
E100.11,readv2
E107z00,readv2
E10z.00,readv2
Eu20y12,readv2
E102500,readv2
Eu20200,readv2
E10..00,readv2
E103200,readv2
R001.00,readv2
R001100,readv2
R001400,readv2
R001000,readv2
R001200,readv2
R001300,readv2
E004200,readv2
E004100,readv2
E114600,readv2
E110100,readv2
E114.00,readv2
E111600,readv2
E110600,readv2
E111.00,readv2
E114100,readv2
E110.00,readv2
E110400,readv2
E111400,readv2
E111100,readv2
E02y000,readv2
Eu24.13,readv2
Eu24.12,readv2
Eu04.00,readv2
E021100,readv2
E021000,readv2
E114.11,readv2
E11y300,readv2
E115.11,readv2
E11y200,readv2
E130.00,readv2
E14z.00,readv2
E14y100,readv2
E14y.00,readv2
E14y000,readv2
E14yz00,readv2
Eu10411,readv2
E010.12,readv2
E010.11,readv2
Eu04z00,readv2
E04y.00,readv2
E114000,readv2
E11yz00,readv2
E1y..00,readv2
E117200,readv2
E11y.00,readv2
E11y000,readv2
E117400,readv2
E110000,readv2
E115000,readv2
E116000,readv2
E117.00,readv2
Eu23z00,readv2
E117300,readv2
E117000,readv2
E117z00,readv2
E117100,readv2
E03y300,readv2
E0y..00,readv2
E11z000,readv2
E11z.00,readv2
E117600,readv2
E111000,readv2
E114200,readv2
E116200,readv2
E115200,readv2
E111200,readv2
E110200,readv2
E116z00,readv2
E115z00,readv2
E12yz00,readv2
E114z00,readv2
E11zz00,readv2
E031z00,readv2
E110z00,readv2
E030z00,readv2
R001z00,readv2
E12z.00,readv2
E13yz00,readv2
E111z00,readv2
E121.00,readv2
1BH..00,readv2
1BH..11,readv2
Eu24.00,readv2
1BH1.00,readv2
1BH0.00,readv2
Eu23300,readv2
E030000,readv2
E031000,readv2
E00y.11,readv2
E123.11,readv2
1BH2.00,readv2
Eu16711,readv2
Eu23011,readv2
Eu23012,readv2
Eu19700,readv2
Eu11700,readv2
Eu15500,readv2
Eu10700,readv2
Eu10500,readv2
Eu14700,readv2
Eu11500,readv2
Eu16500,readv2
Eu13500,readv2
Eu19500,readv2
Eu15700,readv2
Eu12700,readv2
Eu14500,readv2
E141100,readv2
Eu12500,readv2
Eu19400,readv2
E141.00,readv2
Eu18500,readv2
E030.12,readv2
E001100,readv2
E002000,readv2
E00z.00,readv2
E002z00,readv2
E003.00,readv2
E001200,readv2
E110.11,readv2
E031.00,readv2
E131.00,readv2
E030.00,readv2
Eu04.11,readv2
Eu05200,readv2
Eu23200,readv2
E11y100,readv2
E13y000,readv2
Eu20211,readv2
E12y.00,readv2
E12y000,readv2
1BH3.00,readv2
E123.00,readv2
E12..00,readv2
E133.00,readv2
Eu04.15,readv2
E116400,readv2
E115.00,readv2
E116100,readv2
E115100,readv2
E116600,readv2
E116.00,readv2
E116300,readv2
E115600,readv2
Eu18400,readv2
E013.00,readv2
Eu13400,readv2
E010.00,readv2
Eu10400,readv2
Eu11400,readv2
Eu20400,readv2
E130.11,readv2
E115300,readv2
E114400,readv2
Eu1A500,readv2
E115400,readv2
E114300,readv2
E115500,readv2
E116500,readv2
E111500,readv2
E114500,readv2
E117500,readv2
E030100,readv2
Eu04.13,readv2
E031100,readv2
E031300,readv2
E030300,readv2
E122.00,readv2
Eu04100,readv2
Eu04000,readv2
E02z.00,readv2
E02yz00,readv2
Eu04y00,readv2
E141.11,readv2
E134.00,readv2
Eu23312,readv2
E021.00,readv2
E021z00,readv2
Eu23.00,readv2
Eu23y00,readv2
E031400,readv2
E030400,readv2
E120.00,readv2
E113400,readv2
E112400,readv2
E104.11,readv2
Eu23z12,readv2
E13y.00,readv2
E110300,readv2
E111300,readv2
E030200,readv2
E13y100,readv2
Eu23z11,readv2